{"SanFrancisco": [-122.514926, 37.708075, -122.357031, 37.833238], "NewYork": [-74.255641, 40.495865, -73.699793, 40.91533], "Boston": [-71.191421, 42.227797, -70.986004, 42.399542], "LosAngeles": [-118.668404, 33.704538, -118.155409, 34.337041], "Dallas": [-96.977527, 32.620678, -96.54598, 33.019039], "Miami": [-80.321683, 25.7090404, -80.144974, 25.855667]}